Embassy,Location,Neighborhood,Image,Notes,Flag_url,Image_url,Flag_height,Image_height,Flag_width,Image_width,Reference_url,Location_query,lat,lng
 Afghanistan,"2341 Wyoming Avenue NW
",Kalorama,,1,https://upload.wikimedia.org/wikipedia/commons/thumb/9/9a/Flag_of_Afghanistan.svg/23px-Flag_of_Afghanistan.svg.png,https://upload.wikimedia.org/wikipedia/commons/thumb/b/bf/Embassy_of_Afghanistan_%28Washington%2C_D.C.%29.JPG/150px-Embassy_of_Afghanistan_%28Washington%2C_D.C.%29.JPG,15,96,23,150,http://www.embassyofafghanistan.org,"2341 Wyoming Avenue NW
, Washington, DC",38.9172301,-77.05224129999999
 Albania,"2100 S Street NW
",Kalorama,,2,https://upload.wikimedia.org/wikipedia/commons/thumb/3/36/Flag_of_Albania.svg/21px-Flag_of_Albania.svg.png,https://upload.wikimedia.org/wikipedia/commons/thumb/0/08/Embassy_of_Albania_United_States.JPG/150px-Embassy_of_Albania_United_States.JPG,15,200,21,150,https://web.archive.org/web/20101225134740/http://embassyofalbania.org/contact.html,"2100 S Street NW
, Washington, DC",38.9139214,-77.04695880000001
 Algeria,2118 Kalorama Road NW,Kalorama,,3,https://upload.wikimedia.org/wikipedia/commons/thumb/7/77/Flag_of_Algeria.svg/23px-Flag_of_Algeria.svg.png,https://upload.wikimedia.org/wikipedia/commons/thumb/7/75/Embassy_Algeria_Washington_DC.jpg/150px-Embassy_Algeria_Washington_DC.jpg,15,180,23,150,http://www.algerianembassy.org,"2118 Kalorama Road NW, Washington, DC",38.9181599,-77.0487332
 Angola,2100-2108 16th Street NW,U Street Corridor,,4,https://upload.wikimedia.org/wikipedia/commons/thumb/9/9d/Flag_of_Angola.svg/23px-Flag_of_Angola.svg.png,https://upload.wikimedia.org/wikipedia/commons/thumb/6/65/Embassy_of_Angola_%28Washington%2C_D.C.%29.JPG/150px-Embassy_of_Angola_%28Washington%2C_D.C.%29.JPG,15,119,23,150,http://www.angola.org,"2100-2108 16th Street NW, Washington, DC",38.9184695,-77.0368589
 Antigua and Barbuda,3216 New Mexico Avenue NW,Wesley Heights,,5,https://upload.wikimedia.org/wikipedia/commons/thumb/8/89/Flag_of_Antigua_and_Barbuda.svg/23px-Flag_of_Antigua_and_Barbuda.svg.png,https://upload.wikimedia.org/wikipedia/commons/thumb/4/46/Embassy_Antigua_et_al.jpg/150px-Embassy_Antigua_et_al.jpg,15,102,23,150,http://www.embassy.org/embassies/ag.html,"3216 New Mexico Avenue NW, Washington, DC",38.9332081,-77.08594269999999
 Argentina,1600 New Hampshire Avenue NW,Dupont Circle,,6,https://upload.wikimedia.org/wikipedia/commons/thumb/1/1a/Flag_of_Argentina.svg/23px-Flag_of_Argentina.svg.png,https://upload.wikimedia.org/wikipedia/commons/thumb/7/7a/Embassy_of_Argentina_United_States.JPG/150px-Embassy_of_Argentina_United_States.JPG,14,106,23,150,http://www.embassyofargentina.us,"1600 New Hampshire Avenue NW, Washington, DC",38.9113656,-77.0423689
 Armenia,2225 R Street NW,Embassy Row,,7,https://upload.wikimedia.org/wikipedia/commons/thumb/2/2f/Flag_of_Armenia.svg/23px-Flag_of_Armenia.svg.png,https://upload.wikimedia.org/wikipedia/commons/thumb/5/51/Embassy_of_Armenia-Washington.JPG/150px-Embassy_of_Armenia-Washington.JPG,12,202,23,150,http://www.usa.mfa.am/en/,"2225 R Street NW, Washington, DC",38.9128295,-77.0498576
 Australia,1601 Massachusetts Avenue NW,Embassy Row,,8,https://upload.wikimedia.org/wikipedia/en/thumb/b/b9/Flag_of_Australia.svg/23px-Flag_of_Australia.svg.png,https://upload.wikimedia.org/wikipedia/commons/thumb/8/8b/Embassy_of_Australia_-_Washington%2C_D.C..JPG/150px-Embassy_of_Australia_-_Washington%2C_D.C..JPG,12,119,23,150,http://usa.embassy.gov.au/whwh/home.html,"1601 Massachusetts Avenue NW, Washington, DC",38.908001,-77.03702899999999
 Austria,3524 International Court NW,North Cleveland Park,,9,https://upload.wikimedia.org/wikipedia/commons/thumb/4/41/Flag_of_Austria.svg/23px-Flag_of_Austria.svg.png,https://upload.wikimedia.org/wikipedia/commons/thumb/8/83/AustrianEmbassyWashingtonDC.jpg/150px-AustrianEmbassyWashingtonDC.jpg,15,65,23,150,http://www.austria.org/home,"3524 International Court NW, Washington, DC",38.9454021,-77.06930799999999
 Azerbaijan,2741 34th Street NW,Embassy Row,,10,https://upload.wikimedia.org/wikipedia/commons/thumb/d/dd/Flag_of_Azerbaijan.svg/23px-Flag_of_Azerbaijan.svg.png,https://upload.wikimedia.org/wikipedia/commons/thumb/9/9e/Embassy_of_Azerbaijan.JPG/150px-Embassy_of_Azerbaijan.JPG,12,113,23,150,http://www.azembassy.us,"2741 34th Street NW, Washington, DC",38.9256917,-77.0661377
 Bahamas,2220 Massachusetts Avenue NW,Embassy Row,"



",11,https://upload.wikimedia.org/wikipedia/commons/thumb/9/93/Flag_of_the_Bahamas.svg/23px-Flag_of_the_Bahamas.svg.png,https://upload.wikimedia.org/wikipedia/commons/thumb/7/79/Embassy_of_the_Bahamas%2C_Washington.jpg/150px-Embassy_of_the_Bahamas%2C_Washington.jpg,12,200,23,150,http://consulateofthebahamasdc.com,"2220 Massachusetts Avenue NW, Washington, DC",38.9115316,-77.04982389999999
 Bahrain,3502 International Drive NW,North Cleveland Park,,12,https://upload.wikimedia.org/wikipedia/commons/thumb/2/2c/Flag_of_Bahrain.svg/23px-Flag_of_Bahrain.svg.png,https://upload.wikimedia.org/wikipedia/commons/thumb/f/ff/Bahrain_embassy_Washington_3215.jpg/150px-Bahrain_embassy_Washington_3215.jpg,14,108,23,150,http://www.mofa.gov.bh/washington/Home.aspx,"3502 International Drive NW, Washington, DC",38.94128329999999,-77.0658454
 Bangladesh,3510 International Drive NW,North Cleveland Park,,13,https://upload.wikimedia.org/wikipedia/commons/thumb/f/f9/Flag_of_Bangladesh.svg/23px-Flag_of_Bangladesh.svg.png,https://upload.wikimedia.org/wikipedia/commons/thumb/3/37/BangladeshiEmbassyWashingtonDC.jpg/150px-BangladeshiEmbassyWashingtonDC.jpg,14,113,23,150,http://www.bdembassyusa.org,"3510 International Drive NW, Washington, DC",38.9417663,-77.0680039
 Barbados,"2144 Wyoming Avenue NW
",Kalorama,,14,https://upload.wikimedia.org/wikipedia/commons/thumb/e/ef/Flag_of_Barbados.svg/23px-Flag_of_Barbados.svg.png,https://upload.wikimedia.org/wikipedia/commons/thumb/2/27/Embassy_of_Barbados.jpg/150px-Embassy_of_Barbados.jpg,15,196,23,150,http://foreign.gov.bb/pageselect.cfm?page=28,"2144 Wyoming Avenue NW
, Washington, DC",38.9170014,-77.0487782
 Belarus,1619 New Hampshire Avenue NW,Dupont Circle,,15,https://upload.wikimedia.org/wikipedia/commons/thumb/8/85/Flag_of_Belarus.svg/23px-Flag_of_Belarus.svg.png,https://upload.wikimedia.org/wikipedia/commons/thumb/d/dc/Embassy_of_Belarus.jpg/150px-Embassy_of_Belarus.jpg,12,192,23,150,http://usa.mfa.gov.by/en/,"1619 New Hampshire Avenue NW, Washington, DC",38.9121224,-77.0406793
 Belgium,3330 Garfield Street NW,Woodley Park,,16,https://upload.wikimedia.org/wikipedia/commons/thumb/9/92/Flag_of_Belgium_%28civil%29.svg/23px-Flag_of_Belgium_%28civil%29.svg.png,https://upload.wikimedia.org/wikipedia/commons/thumb/d/db/Embassy_of_Belgium%2C_Washington%2C_D.C..jpg/150px-Embassy_of_Belgium%2C_Washington%2C_D.C..jpg,15,196,23,150,http://countries.diplomatie.belgium.be/en/united_states/,"3330 Garfield Street NW, Washington, DC",38.9271508,-77.0659129
 Belize,2535 Massachusetts Avenue NW,Embassy Row,,17,https://upload.wikimedia.org/wikipedia/commons/thumb/e/e7/Flag_of_Belize.svg/23px-Flag_of_Belize.svg.png,https://upload.wikimedia.org/wikipedia/commons/thumb/e/e7/Embassy_of_Belize%2C_Washington%2C_D.C..jpg/150px-Embassy_of_Belize%2C_Washington%2C_D.C..jpg,15,163,23,150,http://www.embassyofbelize.org,"2535 Massachusetts Avenue NW, Washington, DC",38.9166366,-77.05624399999999
 Benin,2124 Kalorama Road NW,Kalorama,,18,https://upload.wikimedia.org/wikipedia/commons/thumb/0/0a/Flag_of_Benin.svg/23px-Flag_of_Benin.svg.png,https:,15,0,23,0,http://www.beninembassy.us,"2124 Kalorama Road NW, Washington, DC",38.9180348,-77.049048
 Bolivia,3014 Massachusetts Avenue NW,Embassy Row,,19,https://upload.wikimedia.org/wikipedia/commons/thumb/4/48/Flag_of_Bolivia.svg/22px-Flag_of_Bolivia.svg.png,https://upload.wikimedia.org/wikipedia/commons/thumb/8/89/BolivianEmbassyChanceryWashingtonDC01.jpg/150px-BolivianEmbassyChanceryWashingtonDC01.jpg,15,79,22,150,http://www.bolivia-usa.org,"3014 Massachusetts Avenue NW, Washington, DC",38.9192635,-77.061056
 Bosnia and Herzegovina,2109 E Street NW,Foggy Bottom,,20,https://upload.wikimedia.org/wikipedia/commons/thumb/b/bf/Flag_of_Bosnia_and_Herzegovina.svg/23px-Flag_of_Bosnia_and_Herzegovina.svg.png,https://upload.wikimedia.org/wikipedia/commons/thumb/6/6f/Embassy_of_Bosnia_and_Herzegovina%2C_Washington%2C_D.C..jpg/150px-Embassy_of_Bosnia_and_Herzegovina%2C_Washington%2C_D.C..jpg,12,192,23,150,http://www.mvp.gov.ba/ambasade_konzulati_misije/ambasade_konzulati_i_stalne_misije_bih/Default.aspx?template_id=16&s1=735&id=6978,"2109 E Street NW, Washington, DC",38.8961806,-77.0472265
 Botswana,1531-3 New Hampshire Avenue NW,Dupont Circle,,21,https://upload.wikimedia.org/wikipedia/commons/thumb/f/fa/Flag_of_Botswana.svg/23px-Flag_of_Botswana.svg.png,https://upload.wikimedia.org/wikipedia/commons/thumb/a/a9/Embassy_of_Botswana%2C_Washington%2C_D.C..jpg/150px-Embassy_of_Botswana%2C_Washington%2C_D.C..jpg,15,197,23,150,http://www.botswanaembassy.org,"1531-3 New Hampshire Avenue NW, Washington, DC",38.9101985,-77.04287289999999
 Brazil,3006 Massachusetts Avenue NW,Embassy Row,,22,https://upload.wikimedia.org/wikipedia/en/thumb/0/05/Flag_of_Brazil.svg/22px-Flag_of_Brazil.svg.png,https://upload.wikimedia.org/wikipedia/commons/thumb/8/83/Brazil%2C_Washington.jpg/150px-Brazil%2C_Washington.jpg,15,105,22,150,http://washington.itamaraty.gov.br/en-us/,"3006 Massachusetts Avenue NW, Washington, DC",38.9189641,-77.0608841
 Brunei Darussalam,3520 International Court NW,North Cleveland Park,,23,https://upload.wikimedia.org/wikipedia/commons/thumb/9/9c/Flag_of_Brunei.svg/23px-Flag_of_Brunei.svg.png,https://upload.wikimedia.org/wikipedia/commons/thumb/f/fc/BruneianEmbassyWashingtonDC01.jpg/150px-BruneianEmbassyWashingtonDC01.jpg,12,106,23,150,http://www.bruneiembassy.org,"3520 International Court NW, Washington, DC",38.9444746,-77.0692631
 Bulgaria,1621 22nd Street NW,Embassy Row,,24,https://upload.wikimedia.org/wikipedia/commons/thumb/9/9a/Flag_of_Bulgaria.svg/23px-Flag_of_Bulgaria.svg.png,https://upload.wikimedia.org/wikipedia/commons/thumb/a/a2/Embassy_of_Bulgaria%2C_Washington%2C_D.C..jpg/150px-Embassy_of_Bulgaria%2C_Washington%2C_D.C..jpg,14,118,23,150,http://www.bulgaria-embassy.org,"1621 22nd Street NW, Washington, DC",38.9123845,-77.0485758
 Burkina Faso,2340 Massachusetts Avenue NW,Embassy Row,,25,https://upload.wikimedia.org/wikipedia/commons/thumb/3/31/Flag_of_Burkina_Faso.svg/23px-Flag_of_Burkina_Faso.svg.png,https://upload.wikimedia.org/wikipedia/commons/thumb/6/61/Burkina_Faso%2C_Washington.JPG/150px-Burkina_Faso%2C_Washington.JPG,15,225,23,150,http://burkina-usa.org,"2340 Massachusetts Avenue NW, Washington, DC",38.9126695,-77.0519152
 Burundi,2233 Wisconsin Avenue NW,Glover Park,,26,https://upload.wikimedia.org/wikipedia/commons/thumb/5/50/Flag_of_Burundi.svg/23px-Flag_of_Burundi.svg.png,https:,14,0,23,0,http://www.burundiembassydc-usa.org,"2233 Wisconsin Avenue NW, Washington, DC",38.9198899,-77.07074700000001
 Cambodia,4530 16th Street NW,Crestwood,,27,https://upload.wikimedia.org/wikipedia/commons/thumb/8/83/Flag_of_Cambodia.svg/23px-Flag_of_Cambodia.svg.png,https://upload.wikimedia.org/wikipedia/commons/thumb/8/80/Cambodia-embassy2dc.jpg/150px-Cambodia-embassy2dc.jpg,15,113,23,150,http://www.embassyofcambodia.org,"4530 16th Street NW, Washington, DC",38.9458784,-77.0367914
 Cameroon,3400 International Dr. NW,North Cleveland Park,,28,https://upload.wikimedia.org/wikipedia/commons/thumb/4/4f/Flag_of_Cameroon.svg/23px-Flag_of_Cameroon.svg.png,https:,15,0,23,0,http://www.cameroonembassyusa.org,"3400 International Dr. NW, Washington, DC",38.9418195,-77.06424609999999
 Canada,501 Pennsylvania Avenue NW,Penn Quarter,,29,https://upload.wikimedia.org/wikipedia/en/thumb/c/cf/Flag_of_Canada.svg/23px-Flag_of_Canada.svg.png,https://upload.wikimedia.org/wikipedia/commons/thumb/c/c1/Washington_DC_Botschaft_Kanada_Brunswyk_%282012%29.JPG/150px-Washington_DC_Botschaft_Kanada_Brunswyk_%282012%29.JPG,12,99,23,150,http://can-am.gc.ca/washington/index.aspx?lang=eng,"501 Pennsylvania Avenue NW, Washington, DC",38.8929359,-77.0185482
 Cape Verde,3415 Massachusetts Avenue NW,Embassy Row,,30,https://upload.wikimedia.org/wikipedia/commons/thumb/3/38/Flag_of_Cape_Verde.svg/23px-Flag_of_Cape_Verde.svg.png,https://upload.wikimedia.org/wikipedia/commons/thumb/b/b1/Embassy_of_Cape_Verde%2C_Washington%2C_D.C..jpg/150px-Embassy_of_Cape_Verde%2C_Washington%2C_D.C..jpg,14,109,23,150,http://www.embcv-usa.gov.cv,"3415 Massachusetts Avenue NW, Washington, DC",38.9250585,-77.0678241
 Central African Republic,2704 Ontario Rd NW,Adams Morgan,,31,https://upload.wikimedia.org/wikipedia/commons/thumb/6/6f/Flag_of_the_Central_African_Republic.svg/23px-Flag_of_the_Central_African_Republic.svg.png,https:,15,0,23,0,http://www.rcawashington.org,"2704 Ontario Rd NW, Washington, DC",38.9244496,-77.040536
 Chad,2401 Massachusetts Avenue NW,Embassy Row,,32,https://upload.wikimedia.org/wikipedia/commons/thumb/4/4b/Flag_of_Chad.svg/23px-Flag_of_Chad.svg.png,https://upload.wikimedia.org/wikipedia/commons/thumb/f/f4/Embassy_of_Chad_%28Washington%2C_D.C.%29.JPG/150px-Embassy_of_Chad_%28Washington%2C_D.C.%29.JPG,15,130,23,150,http://www.chadembassy.us,"2401 Massachusetts Avenue NW, Washington, DC",38.9142565,-77.05291590000002
 Chile,1732 Massachusetts Avenue NW,Embassy Row,,33,https://upload.wikimedia.org/wikipedia/commons/thumb/7/78/Flag_of_Chile.svg/23px-Flag_of_Chile.svg.png,https://upload.wikimedia.org/wikipedia/commons/thumb/b/bf/Embassy_of_Chile_United_States.JPG/150px-Embassy_of_Chile_United_States.JPG,15,200,23,150,http://chileabroad.gov.cl/estados-unidos/en,"1732 Massachusetts Avenue NW, Washington, DC",38.9080604,-77.0399176
 China,3505 International Place NW,North Cleveland Park,,34,https://upload.wikimedia.org/wikipedia/commons/thumb/f/fa/Flag_of_the_People%27s_Republic_of_China.svg/23px-Flag_of_the_People%27s_Republic_of_China.svg.png,https://upload.wikimedia.org/wikipedia/commons/thumb/1/1f/Chinese_Embassy_Washington_3212.JPG/150px-Chinese_Embassy_Washington_3212.JPG,15,108,23,150,http://www.china-embassy.org/eng/,"3505 International Place NW, Washington, DC",38.942833,-77.06643
 Colombia,1724 Massachusetts Avenue NW,Embassy Row,,35,https://upload.wikimedia.org/wikipedia/commons/thumb/2/21/Flag_of_Colombia.svg/23px-Flag_of_Colombia.svg.png,https://upload.wikimedia.org/wikipedia/commons/thumb/a/a4/Embajada_de_Colombia%2C_Washington_D.C.jpg/150px-Embajada_de_Colombia%2C_Washington_D.C.jpg,15,204,23,150,http://www.colombiaemb.org,"1724 Massachusetts Avenue NW, Washington, DC",38.9078318,-77.0394902
" Congo, Republic of",1720 16th Street NW,Dupont Circle,,36,https://upload.wikimedia.org/wikipedia/commons/thumb/9/92/Flag_of_the_Republic_of_the_Congo.svg/23px-Flag_of_the_Republic_of_the_Congo.svg.png,https://upload.wikimedia.org/wikipedia/commons/thumb/4/43/Toutorsky_Mansion.JPG/150px-Toutorsky_Mansion.JPG,15,122,23,150,http://www.ambacongo-us.org,"1720 16th Street NW, Washington, DC",38.9135085,-77.0369667
" Congo, Dem. Republic of","1800 New Hampshire Avenue, NW",Dupont Circle,,37,https://upload.wikimedia.org/wikipedia/commons/thumb/6/6f/Flag_of_the_Democratic_Republic_of_the_Congo.svg/20px-Flag_of_the_Democratic_Republic_of_the_Congo.svg.png,https://upload.wikimedia.org/wikipedia/commons/thumb/0/03/Embassy_of_the_Democratic_Republic_of_the_Congo.JPG/150px-Embassy_of_the_Democratic_Republic_of_the_Congo.JPG,15,101,20,150,http://www.ambardcusa.org/index.html,"1800 New Hampshire Avenue, NW, Washington, DC",38.9143095,-77.03946780000001
 Costa Rica,2114 S Street NW,Kalorama,,38,https://upload.wikimedia.org/wikipedia/commons/thumb/f/f2/Flag_of_Costa_Rica.svg/23px-Flag_of_Costa_Rica.svg.png,https://upload.wikimedia.org/wikipedia/commons/thumb/e/ef/Embassy_of_Costa_Rica%2C_Washington.jpg/150px-Embassy_of_Costa_Rica%2C_Washington.jpg,14,113,23,150,http://www.costarica-embassy.org,"2114 S Street NW, Washington, DC",38.9139055,-77.04786469999999
 Côte d'Ivoire,2424 Massachusetts Avenue NW,Embassy Row,,39,https://upload.wikimedia.org/wikipedia/commons/thumb/f/fe/Flag_of_C%C3%B4te_d%27Ivoire.svg/23px-Flag_of_C%C3%B4te_d%27Ivoire.svg.png,https://upload.wikimedia.org/wikipedia/commons/thumb/c/c6/Embassy_of_C%C3%B4te_d%27Ivoire_United_States.JPG/150px-Embassy_of_C%C3%B4te_d%27Ivoire_United_States.JPG,15,108,23,150,http://www.ambaciusa.org/Site/,"2424 Massachusetts Avenue NW, Washington, DC",38.9139338,-77.05379289999999
 Croatia,2343 Massachusetts Avenue NW,Embassy Row,,40,https://upload.wikimedia.org/wikipedia/commons/thumb/1/1b/Flag_of_Croatia.svg/23px-Flag_of_Croatia.svg.png,https://upload.wikimedia.org/wikipedia/commons/thumb/1/1d/Embassy_of_Croatia_United_States.JPG/150px-Embassy_of_Croatia_United_States.JPG,12,121,23,150,http://us.mvep.hr/en/,"2343 Massachusetts Avenue NW, Washington, DC",38.9134927,-77.0522542
 Cuba,2630 16th Street NW,Adams Morgan,,41,https://upload.wikimedia.org/wikipedia/commons/thumb/b/bd/Flag_of_Cuba.svg/23px-Flag_of_Cuba.svg.png,https://upload.wikimedia.org/wikipedia/commons/thumb/9/99/Embassy_of_the_Republic_of_Cuba_in_Washington%2C_D.C.jpg/150px-Embassy_of_the_Republic_of_Cuba_in_Washington%2C_D.C.jpg,12,100,23,150,http://www.cubadiplomatica.cu/eeuu/EN/Home.aspx,"2630 16th Street NW, Washington, DC",38.9241488,-77.0368814
 Cyprus,2211 R Street NW,Kalorama,,42,https://upload.wikimedia.org/wikipedia/commons/thumb/d/d4/Flag_of_Cyprus.svg/23px-Flag_of_Cyprus.svg.png,https://upload.wikimedia.org/wikipedia/commons/thumb/5/5a/Embassy_of_Cyprus%2C_Washington%2C_D.C..jpg/150px-Embassy_of_Cyprus%2C_Washington%2C_D.C..jpg,15,150,23,150,http://www.cyprusembassy.net/home/,"2211 R Street NW, Washington, DC",38.9127965,-77.04938539999999
 Czech Republic,3900 Spring of Freedom Street NW,Forest Hills,,43,https://upload.wikimedia.org/wikipedia/commons/thumb/c/cb/Flag_of_the_Czech_Republic.svg/23px-Flag_of_the_Czech_Republic.svg.png,https://upload.wikimedia.org/wikipedia/commons/thumb/c/c5/Czech_embassy_Washington_3020.jpg/150px-Czech_embassy_Washington_3020.jpg,15,104,23,150,http://www.mzv.cz/washington/,"3900 Spring of Freedom Street NW, Washington, DC",38.9393383,-77.0542427
 Denmark,3200 Whitehaven Street NW,Embassy Row,,44,https://upload.wikimedia.org/wikipedia/commons/thumb/9/9c/Flag_of_Denmark.svg/20px-Flag_of_Denmark.svg.png,https://upload.wikimedia.org/wikipedia/commons/thumb/2/2a/Denmark_embassy_2.JPG/150px-Denmark_embassy_2.JPG,15,113,20,150,http://usa.um.dk,"3200 Whitehaven Street NW, Washington, DC",38.917366,-77.063146
 Djibouti,1156 15th Street NW,Downtown,,45,https://upload.wikimedia.org/wikipedia/commons/thumb/3/34/Flag_of_Djibouti.svg/23px-Flag_of_Djibouti.svg.png,https:,15,0,23,0,http://www.embassy.org/embassies/dj.html,"1156 15th Street NW, Washington, DC",38.9053932,-77.0350156
 Dominica,3216 New Mexico Avenue NW,Wesley Heights,,46,https://upload.wikimedia.org/wikipedia/commons/thumb/c/c4/Flag_of_Dominica.svg/23px-Flag_of_Dominica.svg.png,https://upload.wikimedia.org/wikipedia/commons/thumb/4/46/Embassy_Antigua_et_al.jpg/150px-Embassy_Antigua_et_al.jpg,12,102,23,150,http://www.embassy.org/embassies/dm.html,"3216 New Mexico Avenue NW, Washington, DC",38.9332081,-77.08594269999999
 Dominican Republic,1715 22nd Street NW,Kalorama,,47,https://upload.wikimedia.org/wikipedia/commons/thumb/9/9f/Flag_of_the_Dominican_Republic.svg/23px-Flag_of_the_Dominican_Republic.svg.png,https://upload.wikimedia.org/wikipedia/commons/thumb/0/04/Embassy_of_Dominican_Republic_United_States.JPG/150px-Embassy_of_Dominican_Republic_United_States.JPG,15,183,23,150,http://www.domrep.org,"1715 22nd Street NW, Washington, DC",38.9131994,-77.0485083
 East Timor (Timor-Leste),4201 Connecticut Ave. NW,Embassy Row,,48,https://upload.wikimedia.org/wikipedia/commons/thumb/2/26/Flag_of_East_Timor.svg/23px-Flag_of_East_Timor.svg.png,https:,12,0,23,0,http://www.timorlesteembassy.org,"4201 Connecticut Ave. NW, Washington, DC",38.9434867,-77.0626075
 Ecuador,2535 15th Street NW,Columbia Heights,,49,https://upload.wikimedia.org/wikipedia/commons/thumb/e/e8/Flag_of_Ecuador.svg/23px-Flag_of_Ecuador.svg.png,https://upload.wikimedia.org/wikipedia/commons/thumb/0/03/Ecuadorean_Embassy_in_Washington%2C_D.C._%2815-07-2006%29.jpg/150px-Ecuadorean_Embassy_in_Washington%2C_D.C._%2815-07-2006%29.jpg,15,113,23,150,http://www.ecuador.org/nuevosite/,"2535 15th Street NW, Washington, DC",38.9232367,-77.03501469999999
 Egypt,3521 International Court NW,North Cleveland Park,,50,https://upload.wikimedia.org/wikipedia/commons/thumb/f/fe/Flag_of_Egypt.svg/23px-Flag_of_Egypt.svg.png,https://upload.wikimedia.org/wikipedia/commons/thumb/8/85/Egyptian_Embassy_Washington_DC_9521.JPG/150px-Egyptian_Embassy_Washington_DC_9521.JPG,15,112,23,150,http://www.egyptembassy.net,"3521 International Court NW, Washington, DC",38.9451003,-77.0680489
 El Salvador,1400 16th Street NW,Dupont Circle,,51,https://upload.wikimedia.org/wikipedia/commons/thumb/3/34/Flag_of_El_Salvador.svg/23px-Flag_of_El_Salvador.svg.png,https://upload.wikimedia.org/wikipedia/commons/thumb/a/a1/Resources_and_Conservation_Center%2C_Washington%2C_DC.jpg/150px-Resources_and_Conservation_Center%2C_Washington%2C_DC.jpg,13,121,23,150,http://www.elsalvador.org,"1400 16th Street NW, Washington, DC",38.90904829999999,-77.03710629999999
 Equatorial Guinea,2020 16th Street NW,U Street Corridor,,52,https://upload.wikimedia.org/wikipedia/commons/thumb/3/31/Flag_of_Equatorial_Guinea.svg/23px-Flag_of_Equatorial_Guinea.svg.png,https://upload.wikimedia.org/wikipedia/commons/thumb/8/86/2020_16th_Street%2C_NW.JPG/150px-2020_16th_Street%2C_NW.JPG,15,200,23,150,http://egembassydc.com,"2020 16th Street NW, Washington, DC",38.9175919,-77.0369039
 Eritrea,1708 New Hampshire Ave NW,Dupont Circle,,53,https://upload.wikimedia.org/wikipedia/commons/thumb/2/29/Flag_of_Eritrea.svg/23px-Flag_of_Eritrea.svg.png,https://upload.wikimedia.org/wikipedia/commons/thumb/6/68/Embassy_of_Eritrea-US.jpg/150px-Embassy_of_Eritrea-US.jpg,12,253,23,150,http://www.embassyeritrea.org,"1708 New Hampshire Ave NW, Washington, DC",38.9130517,-77.0407017
 Estonia,2131 Massachusetts Avenue NW,Embassy Row,,54,https://upload.wikimedia.org/wikipedia/commons/thumb/8/8f/Flag_of_Estonia.svg/23px-Flag_of_Estonia.svg.png,https://upload.wikimedia.org/wikipedia/commons/thumb/4/49/Embassy_of_Estonia-Washington%2C_DC.jpg/150px-Embassy_of_Estonia-Washington%2C_DC.jpg,15,147,23,150,http://www.estemb.org,"2131 Massachusetts Avenue NW, Washington, DC",38.911919,-77.04853
 Ethiopia,3506 International Drive NW,North Cleveland Park,,55,https://upload.wikimedia.org/wikipedia/commons/thumb/7/71/Flag_of_Ethiopia.svg/23px-Flag_of_Ethiopia.svg.png,https://upload.wikimedia.org/wikipedia/commons/thumb/e/e6/EthiopianEmbassyWashingtonDC.jpg/150px-EthiopianEmbassyWashingtonDC.jpg,12,95,23,150,http://www.ethiopianembassy.org,"3506 International Drive NW, Washington, DC",38.9412441,-77.0669247
 Fiji,2000 M Street NW,Downtown,,56,https://upload.wikimedia.org/wikipedia/commons/thumb/b/ba/Flag_of_Fiji.svg/23px-Flag_of_Fiji.svg.png,https:,12,0,23,0,http://www.fijiembassydc.com,"2000 M Street NW, Washington, DC",38.9051637,-77.0453824
 Finland,3301 Massachusetts Avenue NW,Embassy Row,,57,https://upload.wikimedia.org/wikipedia/commons/thumb/b/bc/Flag_of_Finland.svg/23px-Flag_of_Finland.svg.png,https://upload.wikimedia.org/wikipedia/commons/thumb/4/4c/Finland_embassy_left.JPG/150px-Finland_embassy_left.JPG,14,113,23,150,http://www.finland.org/Public/Default.aspx,"3301 Massachusetts Avenue NW, Washington, DC",38.92446590000001,-77.0652063
 France,4101 Reservoir Road NW,Georgetown,,58,https://upload.wikimedia.org/wikipedia/en/thumb/c/c3/Flag_of_France.svg/23px-Flag_of_France.svg.png,https://upload.wikimedia.org/wikipedia/commons/thumb/4/4f/France%2C_Washington.JPG/150px-France%2C_Washington.JPG,15,82,23,150,http://www.ambafrance-us.org,"4101 Reservoir Road NW, Washington, DC",38.9140356,-77.0785377
 Gabon,2034 20th Street NW,Adams Morgan,,59,https://upload.wikimedia.org/wikipedia/commons/thumb/0/04/Flag_of_Gabon.svg/20px-Flag_of_Gabon.svg.png,https://upload.wikimedia.org/wikipedia/commons/thumb/a/a9/Embassy_of_Gabon_in_the_United_States.JPG/150px-Embassy_of_Gabon_in_the_United_States.JPG,15,132,20,150,http://www.gabonembassyusa.org,"2034 20th Street NW, Washington, DC",38.9179867,-77.04576469999999
 Gambia,5630 16th St NW,Sixteenth Street Heights,,60,https://upload.wikimedia.org/wikipedia/commons/thumb/7/77/Flag_of_The_Gambia.svg/23px-Flag_of_The_Gambia.svg.png,https:,15,0,23,0,http://gambiaembassydc.us/,"5630 16th St NW, Washington, DC",38.9583585,-77.0367363
 Georgia,1824 R Street NW,Dupont Circle,,61,https://upload.wikimedia.org/wikipedia/commons/thumb/0/0f/Flag_of_Georgia.svg/23px-Flag_of_Georgia.svg.png,https:,15,0,23,0,http://usa.mfa.gov.ge/index.php?sec_id=38&lang_id=ENG,"1824 R Street NW, Washington, DC",38.9124074,-77.0428115
 Germany,4645 Reservoir Road NW,Colony Hill,,62,https://upload.wikimedia.org/wikipedia/en/thumb/b/ba/Flag_of_Germany.svg/23px-Flag_of_Germany.svg.png,https://upload.wikimedia.org/wikipedia/commons/thumb/5/5f/Embassy_of_Germany%2C_Washington.jpg/150px-Embassy_of_Germany%2C_Washington.jpg,14,84,23,150,http://www.germany.info,"4645 Reservoir Road NW, Washington, DC",38.9144985,-77.0888677
 Ghana,3512 International Drive NW,North Cleveland Park,,63,https://upload.wikimedia.org/wikipedia/commons/thumb/1/19/Flag_of_Ghana.svg/23px-Flag_of_Ghana.svg.png,https://upload.wikimedia.org/wikipedia/commons/thumb/4/40/GhanaianEmbassyWashingtonDC.jpg/150px-GhanaianEmbassyWashingtonDC.jpg,15,99,23,150,http://www.ghanaembassy.org,"3512 International Drive NW, Washington, DC",38.9422678,-77.0681838
 Greece,2221 Massachusetts Avenue NW,Embassy Row,,64,https://upload.wikimedia.org/wikipedia/commons/thumb/5/5c/Flag_of_Greece.svg/23px-Flag_of_Greece.svg.png,https://upload.wikimedia.org/wikipedia/commons/thumb/0/06/Embassy_of_Greece_in_Washington_DC.jpg/150px-Embassy_of_Greece_in_Washington_DC.jpg,15,113,23,150,http://www.mfa.gr/usa/en/,"2221 Massachusetts Avenue NW, Washington, DC",38.912205,-77.0498351
 Grenada,1701 New Hampshire Avenue NW,Dupont Circle,,65,https://upload.wikimedia.org/wikipedia/commons/thumb/b/bc/Flag_of_Grenada.svg/23px-Flag_of_Grenada.svg.png,https://upload.wikimedia.org/wikipedia/commons/thumb/0/0f/Embassy_of_Grenada.jpg/150px-Embassy_of_Grenada.jpg,14,241,23,150,http://www.grenadaembassyusa.org,"1701 New Hampshire Avenue NW, Washington, DC",38.9127954,-77.0401801
 Guatemala,2220 R Street NW,Embassy Row,,66,https://upload.wikimedia.org/wikipedia/commons/thumb/e/ec/Flag_of_Guatemala.svg/23px-Flag_of_Guatemala.svg.png,https://upload.wikimedia.org/wikipedia/commons/thumb/9/93/Embassy_of_Guatemala%2C_Washington%2C_D.C..jpg/150px-Embassy_of_Guatemala%2C_Washington%2C_D.C..jpg,14,126,23,150,http://guatemalaembassyusa.org,"2220 R Street NW, Washington, DC",38.9124422,-77.0495861
 Guinea,2112 Leroy Place NW,Kalorama,,67,https://upload.wikimedia.org/wikipedia/commons/thumb/e/ed/Flag_of_Guinea.svg/23px-Flag_of_Guinea.svg.png,https://upload.wikimedia.org/wikipedia/commons/thumb/9/9f/Guinea-embassy-dc.jpg/150px-Guinea-embassy-dc.jpg,15,200,23,150,http://guineaembassyusa.com,"2112 Leroy Place NW, Washington, DC",38.9155254,-77.0470691
 Guyana,2490 Tracy Place NW,Kalorama,,68,https://upload.wikimedia.org/wikipedia/commons/thumb/9/99/Flag_of_Guyana.svg/23px-Flag_of_Guyana.svg.png,https://upload.wikimedia.org/wikipedia/commons/thumb/2/2c/Guyana%2C_Washington.JPG/150px-Guyana%2C_Washington.JPG,14,131,23,150,http://www.minfor.gov.gy/index.php/consular-services/diplomatic-consular-representatives/guyana-s-missions-overseas,"2490 Tracy Place NW, Washington, DC",38.9169422,-77.0557493
 Haiti,2311 Massachusetts Avenue NW,Embassy Row,,69,https://upload.wikimedia.org/wikipedia/commons/thumb/5/56/Flag_of_Haiti.svg/23px-Flag_of_Haiti.svg.png,https://upload.wikimedia.org/wikipedia/commons/thumb/6/69/Embassy_of_Haiti%2C_Washington%2C_D.C..jpg/150px-Embassy_of_Haiti%2C_Washington%2C_D.C..jpg,14,174,23,150,http://www.haiti.org,"2311 Massachusetts Avenue NW, Washington, DC",38.9131166,-77.0513418
 Holy See (Vatican City),3339 Massachusetts Avenue NW,Embassy Row,,70,https://upload.wikimedia.org/wikipedia/commons/thumb/0/00/Flag_of_the_Vatican_City.svg/15px-Flag_of_the_Vatican_City.svg.png,https://upload.wikimedia.org/wikipedia/commons/thumb/e/e2/ApostolicNunciatureWashingtonDC.jpg/150px-ApostolicNunciatureWashingtonDC.jpg,15,150,15,150,http://apostolicnunciatureunitedstates.webstarts.com,"3339 Massachusetts Avenue NW, Washington, DC",38.9246558,-77.0656655
 Honduras,3007 Tilden Street NW,North Cleveland Park,,71,https://upload.wikimedia.org/wikipedia/commons/thumb/8/82/Flag_of_Honduras.svg/23px-Flag_of_Honduras.svg.png,https:,12,0,23,0,http://www.hondurasemb.org,"3007 Tilden Street NW, Washington, DC",38.9416981,-77.06418149999999
 Hungary,3910 Shoemaker Street NW,Forest Hills,,72,https://upload.wikimedia.org/wikipedia/commons/thumb/c/c1/Flag_of_Hungary.svg/23px-Flag_of_Hungary.svg.png,https://upload.wikimedia.org/wikipedia/commons/thumb/6/6f/Hungarian_embassy_Washington_3016.JPG/150px-Hungarian_embassy_Washington_3016.JPG,12,113,23,150,http://washington.kormany.hu,"3910 Shoemaker Street NW, Washington, DC",38.940222,-77.053032
 Iceland,2900 K Street NW,Georgetown,,73,https://upload.wikimedia.org/wikipedia/commons/thumb/c/ce/Flag_of_Iceland.svg/21px-Flag_of_Iceland.svg.png,https://upload.wikimedia.org/wikipedia/commons/thumb/7/75/Embassies_of_Sweden_and_Iceland_in_DC.JPG/150px-Embassies_of_Sweden_and_Iceland_in_DC.JPG,15,113,21,150,http://www.iceland.is/iceland-abroad/us/wdc/,"2900 K Street NW, Washington, DC",38.9019925,-77.05867889999999
 India,2107 Massachusetts Avenue NW,Embassy Row,,74,https://upload.wikimedia.org/wikipedia/en/thumb/4/41/Flag_of_India.svg/23px-Flag_of_India.svg.png,https://upload.wikimedia.org/wikipedia/commons/thumb/5/5a/Embassy_of_India%2C_DC.jpg/150px-Embassy_of_India%2C_DC.jpg,15,160,23,150,https://www.indianembassy.org,"2107 Massachusetts Avenue NW, Washington, DC",38.9113213,-77.0469904
 Indonesia,2020 Massachusetts Avenue NW,Embassy Row,,75,https://upload.wikimedia.org/wikipedia/commons/thumb/9/9f/Flag_of_Indonesia.svg/23px-Flag_of_Indonesia.svg.png,https://upload.wikimedia.org/wikipedia/commons/thumb/d/d8/Embassy_of_Indonesia%2C_Washington.jpg/150px-Embassy_of_Indonesia%2C_Washington.jpg,15,84,23,150,http://www.embassyofindonesia.org/wordpress/,"2020 Massachusetts Avenue NW, Washington, DC",38.9102407,-77.04628199999999
 Iraq,3421 Massachusetts Avenue NW,Embassy Row,,76,https://upload.wikimedia.org/wikipedia/commons/thumb/f/f6/Flag_of_Iraq.svg/23px-Flag_of_Iraq.svg.png,https://upload.wikimedia.org/wikipedia/commons/thumb/b/ba/Embassy_of_Iraq_in_Washington%2C_D.C..jpg/150px-Embassy_of_Iraq_in_Washington%2C_D.C..jpg,15,109,23,150,http://www.iraqiembassy.us,"3421 Massachusetts Avenue NW, Washington, DC",38.9254475,-77.0682513
 Ireland,2234 Massachusetts Avenue NW,Embassy Row,,77,https://upload.wikimedia.org/wikipedia/commons/thumb/4/45/Flag_of_Ireland.svg/23px-Flag_of_Ireland.svg.png,https://upload.wikimedia.org/wikipedia/commons/thumb/4/4b/Embassy_of_Ireland_in_Washington_DC.jpg/150px-Embassy_of_Ireland_in_Washington_DC.jpg,12,110,23,150,https://www.dfa.ie/irish-embassy/usa/,"2234 Massachusetts Avenue NW, Washington, DC",38.9116837,-77.0501949
 Israel,3514 International Drive NW,North Cleveland Park,,78,https://upload.wikimedia.org/wikipedia/commons/thumb/d/d4/Flag_of_Israel.svg/21px-Flag_of_Israel.svg.png,https://upload.wikimedia.org/wikipedia/commons/thumb/5/57/Israeli_Embassy_Washington_DC_3221.JPG/150px-Israeli_Embassy_Washington_DC_3221.JPG,15,113,21,150,http://www.israelemb.org/washington/pages/default.aspx,"3514 International Drive NW, Washington, DC",38.9427342,-77.06840869999999
 Italy,3000 Whitehaven Street NW,Embassy Row,,79,https://upload.wikimedia.org/wikipedia/en/thumb/0/03/Flag_of_Italy.svg/23px-Flag_of_Italy.svg.png,https://upload.wikimedia.org/wikipedia/commons/thumb/8/86/Embassy_of_Italy%2C_Washington%2C_D.C.jpg/150px-Embassy_of_Italy%2C_Washington%2C_D.C.jpg,15,93,23,150,http://www.ambwashingtondc.esteri.it/ambasciata_washington/it,"3000 Whitehaven Street NW, Washington, DC",38.9177911,-77.0604601
 Jamaica,1520 New Hampshire Avenue NW,Dupont Circle,,80,https://upload.wikimedia.org/wikipedia/commons/thumb/0/0a/Flag_of_Jamaica.svg/23px-Flag_of_Jamaica.svg.png,https://upload.wikimedia.org/wikipedia/commons/thumb/f/fc/Embassy_of_Jamaica%2C_Washington%2C_D.C..jpg/150px-Embassy_of_Jamaica%2C_Washington%2C_D.C..jpg,12,173,23,150,http://www.embassyofjamaica.org,"1520 New Hampshire Avenue NW, Washington, DC",38.9107867,-77.0427512
 Japan,2520 Massachusetts Avenue NW,Embassy Row,,81,https://upload.wikimedia.org/wikipedia/en/thumb/9/9e/Flag_of_Japan.svg/23px-Flag_of_Japan.svg.png,https://upload.wikimedia.org/wikipedia/commons/thumb/d/df/Embassy_of_Japan%2C_Washington%2C_D.C..jpg/150px-Embassy_of_Japan%2C_Washington%2C_D.C..jpg,15,113,23,150,http://www.us.emb-japan.go.jp/english/html/,"2520 Massachusetts Avenue NW, Washington, DC",38.9155459,-77.0563564
 Jordan,3504 International Drive NW,North Cleveland Park,,82,https://upload.wikimedia.org/wikipedia/commons/thumb/c/c0/Flag_of_Jordan.svg/23px-Flag_of_Jordan.svg.png,https://upload.wikimedia.org/wikipedia/commons/thumb/7/7d/JordanianEmbassyWashingtonDC01.jpg/150px-JordanianEmbassyWashingtonDC01.jpg,12,111,23,150,http://www.jordanembassyus.org,"3504 International Drive NW, Washington, DC",38.9412084,-77.06625009999999
 Kazakhstan,1401 16th Street NW,Dupont Circle,,83,https://upload.wikimedia.org/wikipedia/commons/thumb/d/d3/Flag_of_Kazakhstan.svg/23px-Flag_of_Kazakhstan.svg.png,https://upload.wikimedia.org/wikipedia/commons/thumb/2/2c/Embassy_of_Kazakhstan_in_Washington.jpg/150px-Embassy_of_Kazakhstan_in_Washington.jpg,12,100,23,150,http://www.kazakhembus.com,"1401 16th Street NW, Washington, DC",38.9088729,-77.03601750000001
 Kenya,2249 R Street NW,Kalorama,,84,https://upload.wikimedia.org/wikipedia/commons/thumb/4/49/Flag_of_Kenya.svg/23px-Flag_of_Kenya.svg.png,https://upload.wikimedia.org/wikipedia/commons/thumb/2/27/Embassy_of_Kenya%2C_Washington%2C_D.C._002.jpg/150px-Embassy_of_Kenya%2C_Washington%2C_D.C._002.jpg,15,156,23,150,http://www.kenyaembassy.com,"2249 R Street NW, Washington, DC",38.9128173,-77.0502849
 Kosovo,1101 30th Street NW,Georgetown,,85,https://upload.wikimedia.org/wikipedia/commons/thumb/1/1f/Flag_of_Kosovo.svg/21px-Flag_of_Kosovo.svg.png,https:,15,0,21,0,http://ambasada-ks.net/us/,"1101 30th Street NW, Washington, DC",38.9046396,-77.0585291
 Kuwait,3500 International Drive NW,North Cleveland Park,,86,https://upload.wikimedia.org/wikipedia/commons/thumb/a/aa/Flag_of_Kuwait.svg/23px-Flag_of_Kuwait.svg.png,https://upload.wikimedia.org/wikipedia/commons/thumb/a/ad/Kuwaiti_Embassy_Washington_DC3216.JPG/150px-Kuwaiti_Embassy_Washington_DC3216.JPG,12,113,23,150,http://www.kuwaitembassy.us,"3500 International Drive NW, Washington, DC",38.9412393,-77.06527229999999
 Kyrgyzstan,2360 Massachusetts Avenue NW,Embassy Row,,87,https://upload.wikimedia.org/wikipedia/commons/thumb/c/c7/Flag_of_Kyrgyzstan.svg/23px-Flag_of_Kyrgyzstan.svg.png,https://upload.wikimedia.org/wikipedia/commons/thumb/0/06/Embassy_of_Kyrgyzstan_United_States.JPG/150px-Embassy_of_Kyrgyzstan_United_States.JPG,14,201,23,150,http://www.kgembassy.org,"2360 Massachusetts Avenue NW, Washington, DC",38.9130486,-77.0524324
 Laos,2222 S Street NW,Kalorama,,88,https://upload.wikimedia.org/wikipedia/commons/thumb/5/56/Flag_of_Laos.svg/23px-Flag_of_Laos.svg.png,https://upload.wikimedia.org/wikipedia/commons/thumb/9/92/Embassy_of_Laos_United_States.JPG/150px-Embassy_of_Laos_United_States.JPG,15,113,23,150,http://www.laoembassy.com,"2222 S Street NW, Washington, DC",38.9139301,-77.0494753
 Latvia,2306 Massachusetts Avenue NW,Embassy Row,,89,https://upload.wikimedia.org/wikipedia/commons/thumb/8/84/Flag_of_Latvia.svg/23px-Flag_of_Latvia.svg.png,https://upload.wikimedia.org/wikipedia/commons/thumb/1/16/Embassy_of_Latvia%2C_Washington%2C_D.C..jpg/150px-Embassy_of_Latvia%2C_Washington%2C_D.C..jpg,12,231,23,150,http://www.mfa.gov.lv/en/usa,"2306 Massachusetts Avenue NW, Washington, DC",38.911719,-77.051276
 Lebanon,2560 28th Street NW,Woodley Park,,90,https://upload.wikimedia.org/wikipedia/commons/thumb/5/59/Flag_of_Lebanon.svg/23px-Flag_of_Lebanon.svg.png,https://upload.wikimedia.org/wikipedia/commons/thumb/9/9f/Lebanese-embassy-dc049.JPG/150px-Lebanese-embassy-dc049.JPG,15,200,23,150,http://www.lebanonembassyus.org,"2560 28th Street NW, Washington, DC",38.9226549,-77.05624399999999
 Lesotho,2511 Massachusetts Avenue NW,Embassy Row,,91,https://upload.wikimedia.org/wikipedia/commons/thumb/4/4a/Flag_of_Lesotho.svg/23px-Flag_of_Lesotho.svg.png,https://upload.wikimedia.org/wikipedia/commons/thumb/3/3f/Embassy_of_Lesotho%2C_Washington.jpg/150px-Embassy_of_Lesotho%2C_Washington.jpg,15,112,23,150,http://www.lesothoemb-usa.gov.ls/home/,"2511 Massachusetts Avenue NW, Washington, DC",38.916019,-77.05538949999999
 Liberia,5201 16th Street NW,Sixteenth Street Heights,,92,https://upload.wikimedia.org/wikipedia/commons/thumb/b/b8/Flag_of_Liberia.svg/23px-Flag_of_Liberia.svg.png,https:,12,0,23,0,http://www.liberianembassyus.org,"5201 16th Street NW, Washington, DC",38.95340650000001,-77.0359818
 Libya,2600 Virginia Avenue NW,Foggy Bottom,,93,https://upload.wikimedia.org/wikipedia/commons/thumb/0/05/Flag_of_Libya.svg/23px-Flag_of_Libya.svg.png,https://upload.wikimedia.org/wikipedia/commons/thumb/c/ca/Watergate_Building_Complex_front.jpg/150px-Watergate_Building_Complex_front.jpg,12,113,23,150,http://www.embassyoflibyadc.org,"2600 Virginia Avenue NW, Washington, DC",38.8996183,-77.0554338
 Liechtenstein,2900 K Street NW,Georgetown,,94,https://upload.wikimedia.org/wikipedia/commons/thumb/4/47/Flag_of_Liechtenstein.svg/23px-Flag_of_Liechtenstein.svg.png,https://upload.wikimedia.org/wikipedia/commons/thumb/5/53/Embassy_of_Liechtenstein_in_DC.JPG/150px-Embassy_of_Liechtenstein_in_DC.JPG,14,113,23,150,http://www.liechtensteinusa.org,"2900 K Street NW, Washington, DC",38.9019925,-77.05867889999999
 Lithuania,2622 16th Street NW,Adams Morgan,,95,https://upload.wikimedia.org/wikipedia/commons/thumb/1/11/Flag_of_Lithuania.svg/23px-Flag_of_Lithuania.svg.png,https://upload.wikimedia.org/wikipedia/commons/thumb/a/a0/Lithuanian_embassy.jpg/150px-Lithuanian_embassy.jpg,14,220,23,150,https://usa.mfa.lt/usa/en/,"2622 16th Street NW, Washington, DC",38.9239408,-77.0369939
 Luxembourg,2200 Massachusetts Avenue NW,Embassy Row,,96,https://upload.wikimedia.org/wikipedia/commons/thumb/d/da/Flag_of_Luxembourg.svg/23px-Flag_of_Luxembourg.svg.png,https://upload.wikimedia.org/wikipedia/commons/thumb/2/28/Embassy_of_Luxembourg_in_Washington%2C_D.C..JPG/150px-Embassy_of_Luxembourg_in_Washington%2C_D.C..JPG,14,117,23,150,http://washington.mae.lu/en,"2200 Massachusetts Avenue NW, Washington, DC",38.9113041,-77.049138
 Macedonia,2129 Wyoming Avenue NW,Kalorama,,97,https://upload.wikimedia.org/wikipedia/commons/thumb/f/f8/Flag_of_Macedonia.svg/23px-Flag_of_Macedonia.svg.png,https://upload.wikimedia.org/wikipedia/commons/thumb/c/cc/Embassy_of_Macedonia_%28Washington%2C_D.C.%29.JPG/150px-Embassy_of_Macedonia_%28Washington%2C_D.C.%29.JPG,12,109,23,150,http://www.mfa.gov.mk/index.php/en/diplomatic-network-top/diplomatic-representation-of-the-rm/dkp-north-america,"2129 Wyoming Avenue NW, Washington, DC",38.917698,-77.0481935
 Madagascar,2374 Massachusetts Avenue NW,Embassy Row,,98,https://upload.wikimedia.org/wikipedia/commons/thumb/b/bc/Flag_of_Madagascar.svg/23px-Flag_of_Madagascar.svg.png,https://upload.wikimedia.org/wikipedia/commons/thumb/4/4e/Embassy_of_Madagascar_United_States.JPG/150px-Embassy_of_Madagascar_United_States.JPG,15,182,23,150,http://www.madagascar-embassy.org/en/,"2374 Massachusetts Avenue NW, Washington, DC",38.9132635,-77.0530059
 Malawi,2408 Massachusetts Avenue NW,Embassy Row,,99,https://upload.wikimedia.org/wikipedia/commons/thumb/d/d1/Flag_of_Malawi.svg/23px-Flag_of_Malawi.svg.png,https://upload.wikimedia.org/wikipedia/commons/thumb/0/0d/Malawi-dc.jpg/150px-Malawi-dc.jpg,15,200,23,150,http://www.malawiembassy-dc.org,"2408 Massachusetts Avenue NW, Washington, DC",38.9135697,-77.0532307
 Malaysia,3516 International Court NW,North Cleveland Park,,100,https://upload.wikimedia.org/wikipedia/commons/thumb/6/66/Flag_of_Malaysia.svg/23px-Flag_of_Malaysia.svg.png,https://upload.wikimedia.org/wikipedia/commons/thumb/1/1b/MalaysianEmbassyWashingtonDC01.jpg/150px-MalaysianEmbassyWashingtonDC01.jpg,12,69,23,150,http://www.kln.gov.my/web/usa_washington/home,"3516 International Court NW, Washington, DC",38.9436172,-77.0691282
 Mali,2130 R Street NW,Kalorama,,101,https://upload.wikimedia.org/wikipedia/commons/thumb/9/92/Flag_of_Mali.svg/23px-Flag_of_Mali.svg.png,https://upload.wikimedia.org/wikipedia/commons/thumb/e/e1/MalianEmbassyWashingtonDC.jpg/150px-MalianEmbassyWashingtonDC.jpg,15,239,23,150,http://www.maliembassy.us,"2130 R Street NW, Washington, DC",38.9123966,-77.0481485
 Malta,2017 Connecticut Avenue NW,Kalorama,,102,https://upload.wikimedia.org/wikipedia/commons/thumb/7/73/Flag_of_Malta.svg/23px-Flag_of_Malta.svg.png,https://upload.wikimedia.org/wikipedia/commons/thumb/9/99/Embassy_of_Malta_United_States.JPG/150px-Embassy_of_Malta_United_States.JPG,15,238,23,150,http://foreignaffairs.gov.mt/en/embassies/me_united_states/Pages/Me_United_States.aspx,"2017 Connecticut Avenue NW, Washington, DC",38.9173724,-77.04670709999999
 Marshall Islands,2433 Massachusetts Avenue NW,Embassy Row,"



",103,https://upload.wikimedia.org/wikipedia/commons/thumb/2/2e/Flag_of_the_Marshall_Islands.svg/23px-Flag_of_the_Marshall_Islands.svg.png,https://upload.wikimedia.org/wikipedia/commons/thumb/2/20/Embassy_of_the_Marshall_Islands%2C_Washington%2C_D.C..jpg/150px-Embassy_of_the_Marshall_Islands%2C_Washington%2C_D.C..jpg,12,187,23,150,http://www.rmiembassyus.org,"2433 Massachusetts Avenue NW, Washington, DC",38.9149244,-77.05386039999999
 Mauritania,2129 Leroy Place NW,Kalorama,,104,https://upload.wikimedia.org/wikipedia/commons/thumb/4/43/Flag_of_Mauritania.svg/23px-Flag_of_Mauritania.svg.png,https://upload.wikimedia.org/wikipedia/commons/thumb/f/f5/Embassy_of_Mauritania.JPG/150px-Embassy_of_Mauritania.JPG,15,244,23,150,http://www.embassy.org/embassies/mr.html,"2129 Leroy Place NW, Washington, DC",38.9156164,-77.0478787
 Mauritius,1709 N Street NW,Downtown,,105,https://upload.wikimedia.org/wikipedia/commons/thumb/7/77/Flag_of_Mauritius.svg/23px-Flag_of_Mauritius.svg.png,https:,15,0,23,0,http://mfa.govmu.org/portal/sites/mfamission/washington/index.htm,"1709 N Street NW, Washington, DC",38.9074301,-77.0389857
 Mexico,1911 Pennsylvania Avenue NW,Downtown,,106,https://upload.wikimedia.org/wikipedia/commons/thumb/f/fc/Flag_of_Mexico.svg/23px-Flag_of_Mexico.svg.png,https://upload.wikimedia.org/wikipedia/commons/thumb/7/7e/Mexicanembassywashingtondc.jpg/150px-Mexicanembassywashingtondc.jpg,13,177,23,150,http://embamex.sre.gob.mx/eua/,"1911 Pennsylvania Avenue NW, Washington, DC",38.9007164,-77.0440193
 Micronesia,1725 N Street NW,Dupont Circle,,107,https://upload.wikimedia.org/wikipedia/commons/thumb/e/e4/Flag_of_the_Federated_States_of_Micronesia.svg/23px-Flag_of_the_Federated_States_of_Micronesia.svg.png,https://upload.wikimedia.org/wikipedia/commons/thumb/b/b8/Embassy_of_Micronesia_-_Washington%2C_D.C.jpg/150px-Embassy_of_Micronesia_-_Washington%2C_D.C.jpg,12,217,23,150,http://www.fsmembassydc.org,"1725 N Street NW, Washington, DC",38.90741920000001,-77.039479
 Moldova,2101 S Street NW,Kalorama,,108,https://upload.wikimedia.org/wikipedia/commons/thumb/2/27/Flag_of_Moldova.svg/23px-Flag_of_Moldova.svg.png,https://upload.wikimedia.org/wikipedia/commons/thumb/9/98/Embassy_of_Moldova_%28Washington%2C_D.C.%29.JPG/150px-Embassy_of_Moldova_%28Washington%2C_D.C.%29.JPG,12,136,23,150,http://www.sua.mfa.md,"2101 S Street NW, Washington, DC",38.914271,-77.046623
 Monaco,"888 17th Street, NW",Farragut Square,,109,https://upload.wikimedia.org/wikipedia/commons/thumb/e/ea/Flag_of_Monaco.svg/19px-Flag_of_Monaco.svg.png,https://upload.wikimedia.org/wikipedia/commons/thumb/a/ab/Monaco_Embassy_in_Washington.jpg/150px-Monaco_Embassy_in_Washington.jpg,15,137,19,150,http://monacodc.org,"888 17th Street, NW, Washington, DC",38.9011016,-77.03980399999999
 Mongolia,2833 M Street NW,Georgetown,,110,https://upload.wikimedia.org/wikipedia/commons/thumb/4/4c/Flag_of_Mongolia.svg/23px-Flag_of_Mongolia.svg.png,https://upload.wikimedia.org/wikipedia/commons/thumb/7/78/Embassy_of_Mongolia%2C_Washington%2C_D.C..jpg/150px-Embassy_of_Mongolia%2C_Washington%2C_D.C..jpg,12,100,23,150,http://mongolianembassy.us,"2833 M Street NW, Washington, DC",38.90549050000001,-77.05793
 Montenegro,1610 New Hampshire Avenue NW,Dupont Circle,,111,https://upload.wikimedia.org/wikipedia/commons/thumb/6/64/Flag_of_Montenegro.svg/23px-Flag_of_Montenegro.svg.png,https://upload.wikimedia.org/wikipedia/commons/thumb/f/f1/Embassy_of_Montenegro.JPG/150px-Embassy_of_Montenegro.JPG,12,135,23,150,http://www.mvpei.gov.me/en/sections/Missions/Embassies-and-consulates-of-Montenegro/united-states-of-america,"1610 New Hampshire Avenue NW, Washington, DC",38.9116586,-77.0419416
 Morocco,1601 21st Street NW,Dupont Circle,,112,https://upload.wikimedia.org/wikipedia/commons/thumb/2/2c/Flag_of_Morocco.svg/23px-Flag_of_Morocco.svg.png,https://upload.wikimedia.org/wikipedia/commons/thumb/2/25/Morocco%2C_Washington.JPG/150px-Morocco%2C_Washington.JPG,15,109,23,150,http://www.embassyofmorocco.us,"1601 21st Street NW, Washington, DC",38.9113268,-77.0464099
 Mozambique,1525 New Hampshire Avenue NW,Dupont Circle,,113,https://upload.wikimedia.org/wikipedia/commons/thumb/d/d0/Flag_of_Mozambique.svg/23px-Flag_of_Mozambique.svg.png,https://upload.wikimedia.org/wikipedia/commons/thumb/4/43/Embassy_of_Mozambique%2C_Washington%2C_D.C..jpg/150px-Embassy_of_Mozambique%2C_Washington%2C_D.C..jpg,15,170,23,150,http://www.embamoc-usa.org,"1525 New Hampshire Avenue NW, Washington, DC",38.910583,-77.04212799999999
 Myanmar,2300 S Street NW,Kalorama,,114,https://upload.wikimedia.org/wikipedia/commons/thumb/8/8c/Flag_of_Myanmar.svg/23px-Flag_of_Myanmar.svg.png,https://upload.wikimedia.org/wikipedia/commons/thumb/2/21/Embassy_of_Myanmar%2C_Washington.jpg/150px-Embassy_of_Myanmar%2C_Washington.jpg,15,113,23,150,http://www.mewashingtondc.com,"2300 S Street NW, Washington, DC",38.9139113,-77.0506394
 Namibia,1605 New Hampshire Avenue NW,Dupont Circle,,115,https://upload.wikimedia.org/wikipedia/commons/thumb/0/00/Flag_of_Namibia.svg/23px-Flag_of_Namibia.svg.png,https://upload.wikimedia.org/wikipedia/commons/thumb/0/0a/Embassy_of_Namibia%2C_Washington%2C_D.C..jpg/150px-Embassy_of_Namibia%2C_Washington%2C_D.C..jpg,15,182,23,150,http://www.namibianembassyusa.org,"1605 New Hampshire Avenue NW, Washington, DC",38.9116528,-77.0412582
 Nepal,2131 Leroy Place NW,Kalorama,,116,https://upload.wikimedia.org/wikipedia/commons/thumb/9/9b/Flag_of_Nepal.svg/16px-Flag_of_Nepal.svg.png,https://upload.wikimedia.org/wikipedia/commons/thumb/f/f8/Embassy_of_Nepal.JPG/150px-Embassy_of_Nepal.JPG,20,240,16,150,http://www.nepalembassyusa.org,"2131 Leroy Place NW, Washington, DC",38.91562649999999,-77.04796859999999
 Netherlands,4200 Linnean Avenue NW,Forest Hills,,117,https://upload.wikimedia.org/wikipedia/commons/thumb/2/20/Flag_of_the_Netherlands.svg/23px-Flag_of_the_Netherlands.svg.png,https://upload.wikimedia.org/wikipedia/commons/thumb/d/dd/Netherlands-embassy-dc.jpg/150px-Netherlands-embassy-dc.jpg,15,113,23,150,http://www.the-netherlands.org,"4200 Linnean Avenue NW, Washington, DC",38.9444639,-77.0563114
 New Zealand,37 Observatory Circle NW,Embassy Row,,118,https://upload.wikimedia.org/wikipedia/commons/thumb/3/3e/Flag_of_New_Zealand.svg/23px-Flag_of_New_Zealand.svg.png,https://upload.wikimedia.org/wikipedia/commons/thumb/6/68/NZ_embassy_NW_DC.jpg/150px-NZ_embassy_NW_DC.jpg,12,112,23,150,http://www.nzembassy.com/usa-washington,"37 Observatory Circle NW, Washington, DC",38.91889940000001,-77.06438059999999
 Nicaragua,1627 New Hampshire Avenue NW,Dupont Circle,,119,https://upload.wikimedia.org/wikipedia/commons/thumb/1/19/Flag_of_Nicaragua.svg/23px-Flag_of_Nicaragua.svg.png,https://upload.wikimedia.org/wikipedia/commons/thumb/1/12/Embassy_of_Nicaragua.JPG/150px-Embassy_of_Nicaragua.JPG,14,128,23,150,http://www.cancilleria.gob.ni/embajadas/index.shtml,"1627 New Hampshire Avenue NW, Washington, DC",38.912388,-77.04056469999999
 Niger,2204 R Street NW,Embassy Row,,120,https://upload.wikimedia.org/wikipedia/commons/thumb/f/f4/Flag_of_Niger.svg/18px-Flag_of_Niger.svg.png,https://upload.wikimedia.org/wikipedia/commons/thumb/b/b8/Embassy_of_Niger%2C_Washington%2C_D.C..jpg/150px-Embassy_of_Niger%2C_Washington%2C_D.C..jpg,15,220,18,150,http://www.embassyofniger.org,"2204 R Street NW, Washington, DC",38.9124381,-77.0492278
 Nigeria,3519 International Court NW,North Cleveland Park,,121,https://upload.wikimedia.org/wikipedia/commons/thumb/7/79/Flag_of_Nigeria.svg/23px-Flag_of_Nigeria.svg.png,https://upload.wikimedia.org/wikipedia/commons/thumb/3/3d/NigerianEmbassyWashingtonDC02.jpg/150px-NigerianEmbassyWashingtonDC02.jpg,12,77,23,150,http://www.nigeriaembassyusa.org,"3519 International Court NW, Washington, DC",38.9443184,-77.0682288
 Norway,2720 34th Street NW,Embassy Row,,122,https://upload.wikimedia.org/wikipedia/commons/thumb/d/d9/Flag_of_Norway.svg/21px-Flag_of_Norway.svg.png,https://upload.wikimedia.org/wikipedia/commons/thumb/3/37/Embassy_of_Norway.JPG/150px-Embassy_of_Norway.JPG,15,113,21,150,http://www.norway.org/Embassy/washington/,"2720 34th Street NW, Washington, DC",38.9250878,-77.0666549
 Oman,2535 Belmont Road NW,Kalorama,,123,https://upload.wikimedia.org/wikipedia/commons/thumb/d/dd/Flag_of_Oman.svg/23px-Flag_of_Oman.svg.png,https://upload.wikimedia.org/wikipedia/commons/thumb/7/70/Embassy_of_Oman%2C_Washington.jpg/150px-Embassy_of_Oman%2C_Washington.jpg,12,113,23,150,https://mofa.gov.om/?page_id=1115&lang=en,"2535 Belmont Road NW, Washington, DC",38.9176998,-77.0560641
 Pakistan,3517 International Court NW,North Cleveland Park,,124,https://upload.wikimedia.org/wikipedia/commons/thumb/3/32/Flag_of_Pakistan.svg/23px-Flag_of_Pakistan.svg.png,https://upload.wikimedia.org/wikipedia/commons/thumb/4/4f/PakistaniEmbassyWashingtonDC01.jpg/150px-PakistaniEmbassyWashingtonDC01.jpg,15,76,23,150,http://www.embassyofpakistanusa.org,"3517 International Court NW, Washington, DC",38.943461,-77.0680939
 Palau,1701 Pennsylvania Avenue NW,Downtown,,125,https://upload.wikimedia.org/wikipedia/commons/thumb/4/48/Flag_of_Palau.svg/23px-Flag_of_Palau.svg.png,https:,14,0,23,0,http://www.palauembassy.com,"1701 Pennsylvania Avenue NW, Washington, DC",38.8992,-77.03999999999999
 Panama,2862 McGill Terrace NW,Woodley Park,,126,https://upload.wikimedia.org/wikipedia/commons/thumb/a/ab/Flag_of_Panama.svg/23px-Flag_of_Panama.svg.png,https://upload.wikimedia.org/wikipedia/commons/thumb/a/a4/Panamanian-embassy-dc048.JPG/150px-Panamanian-embassy-dc048.JPG,15,113,23,150,http://www.embassyofpanama.org,"2862 McGill Terrace NW, Washington, DC",38.9226235,-77.0575712
 Papua New Guinea,1779 Massachusetts Avenue NW,Embassy Row,,127,https://upload.wikimedia.org/wikipedia/commons/thumb/e/e3/Flag_of_Papua_New_Guinea.svg/20px-Flag_of_Papua_New_Guinea.svg.png,https://upload.wikimedia.org/wikipedia/commons/thumb/3/3d/Carnegie_Endowment_for_International_Peace_-_Dupont_Circle.JPG/150px-Carnegie_Endowment_for_International_Peace_-_Dupont_Circle.JPG,15,133,20,150,http://www.pngembassy.org,"1779 Massachusetts Avenue NW, Washington, DC",38.909358,-77.0409296
 Paraguay,2400 Massachusetts Avenue NW,Embassy Row,,128,https://upload.wikimedia.org/wikipedia/commons/thumb/2/27/Flag_of_Paraguay.svg/23px-Flag_of_Paraguay.svg.png,https://upload.wikimedia.org/wikipedia/commons/thumb/d/dd/Paraguay%2C_Washington.JPG/150px-Paraguay%2C_Washington.JPG,13,200,23,150,http://www.mre.gov.py/Sitios/Home/Index/embaparusa/,"2400 Massachusetts Avenue NW, Washington, DC",38.913419,-77.0529609
 Peru,1700 Massachusetts Avenue NW,Embassy Row,,129,https://upload.wikimedia.org/wikipedia/commons/thumb/c/cf/Flag_of_Peru.svg/23px-Flag_of_Peru.svg.png,https://upload.wikimedia.org/wikipedia/commons/thumb/b/bd/Embassy_of_Peru.JPG/150px-Embassy_of_Peru.JPG,15,113,23,150,http://www.embassyofperu.org,"1700 Massachusetts Avenue NW, Washington, DC",38.9076706,-77.03877059999999
 Philippines,1600 Massachusetts Avenue NW,Embassy Row,,130,https://upload.wikimedia.org/wikipedia/commons/thumb/9/99/Flag_of_the_Philippines.svg/23px-Flag_of_the_Philippines.svg.png,https://upload.wikimedia.org/wikipedia/commons/thumb/4/4d/Embassy_of_the_Philippines%2C_Washington%2C_D.C..jpg/150px-Embassy_of_the_Philippines%2C_Washington%2C_D.C..jpg,12,112,23,150,http://www.philippineembassy-usa.org,"1600 Massachusetts Avenue NW, Washington, DC",38.9074392,-77.03814090000002
 Poland,2640 16th Street NW,Adams Morgan,,131,https://upload.wikimedia.org/wikipedia/en/thumb/1/12/Flag_of_Poland.svg/23px-Flag_of_Poland.svg.png,https://upload.wikimedia.org/wikipedia/commons/thumb/2/2b/Embassy_of_Poland%2C_Washington.jpg/150px-Embassy_of_Poland%2C_Washington.jpg,14,102,23,150,http://www.msz.gov.pl/en/p/waszyngton_us_a_en/,"2640 16th Street NW, Washington, DC",38.92455,-77.0368814
 Portugal,2012 Massachusetts Avenue NW,Embassy Row,,132,https://upload.wikimedia.org/wikipedia/commons/thumb/5/5c/Flag_of_Portugal.svg/23px-Flag_of_Portugal.svg.png,https://upload.wikimedia.org/wikipedia/commons/thumb/d/dc/Portugal_embassy_United_States.JPG/150px-Portugal_embassy_United_States.JPG,15,200,23,150,http://www.embassyportugal-us.org/Embassy_of_Portugal/Home.html,"2012 Massachusetts Avenue NW, Washington, DC",38.9100647,-77.04578719999999
 Qatar,2555 M Street NW,West End,,133,https://upload.wikimedia.org/wikipedia/commons/thumb/6/65/Flag_of_Qatar.svg/23px-Flag_of_Qatar.svg.png,https://upload.wikimedia.org/wikipedia/commons/thumb/0/0c/Embassy_of_Qatar_-_Washington%2C_D.C..jpg/150px-Embassy_of_Qatar_-_Washington%2C_D.C..jpg,9,111,23,150,http://www.mofa.gov.qa/en/Countries/Pages/US.aspx,"2555 M Street NW, Washington, DC",38.9055676,-77.0543326
 Romania,1607 23rd Street NW,Embassy Row,,134,https://upload.wikimedia.org/wikipedia/commons/thumb/7/73/Flag_of_Romania.svg/23px-Flag_of_Romania.svg.png,https://upload.wikimedia.org/wikipedia/commons/thumb/8/82/RomanianEmbassyWashingtonDC.jpg/150px-RomanianEmbassyWashingtonDC.jpg,15,113,23,150,http://washington.mae.ro/en,"1607 23rd Street NW, Washington, DC",38.911566,-77.0503973
 Russia,2650 Wisconsin Avenue NW,Cathedral Heights,,135,https://upload.wikimedia.org/wikipedia/en/thumb/f/f3/Flag_of_Russia.svg/23px-Flag_of_Russia.svg.png,https://upload.wikimedia.org/wikipedia/commons/thumb/6/6f/Russian_Embassy_US.jpg/150px-Russian_Embassy_US.jpg,15,70,23,150,http://www.russianembassy.org,"2650 Wisconsin Avenue NW, Washington, DC",38.9246722,-77.0744078
 Rwanda,1714 New Hampshire Avenue NW,Dupont Circle,,136,https://upload.wikimedia.org/wikipedia/commons/thumb/1/17/Flag_of_Rwanda.svg/23px-Flag_of_Rwanda.svg.png,https://upload.wikimedia.org/wikipedia/commons/thumb/b/b9/Embassy_of_Rwanda%2C_Washington%2C_D.C..jpg/150px-Embassy_of_Rwanda%2C_Washington%2C_D.C..jpg,15,212,23,150,http://rwandaembassy.org/Home/,"1714 New Hampshire Avenue NW, Washington, DC",38.913192,-77.0405218
 Saint Kitts and Nevis,3216 New Mexico Avenue NW,Wesley Heights,,137,https://upload.wikimedia.org/wikipedia/commons/thumb/f/fe/Flag_of_Saint_Kitts_and_Nevis.svg/23px-Flag_of_Saint_Kitts_and_Nevis.svg.png,https://upload.wikimedia.org/wikipedia/commons/thumb/4/46/Embassy_Antigua_et_al.jpg/150px-Embassy_Antigua_et_al.jpg,15,102,23,150,http://www.embassy.gov.kn,"3216 New Mexico Avenue NW, Washington, DC",38.9332081,-77.08594269999999
 Saint Lucia,3216 New Mexico Avenue NW,Wesley Heights,,138,https://upload.wikimedia.org/wikipedia/commons/thumb/9/9f/Flag_of_Saint_Lucia.svg/23px-Flag_of_Saint_Lucia.svg.png,https://upload.wikimedia.org/wikipedia/commons/thumb/4/46/Embassy_Antigua_et_al.jpg/150px-Embassy_Antigua_et_al.jpg,12,102,23,150,http://www.govt.lc/diplomatic-representatives,"3216 New Mexico Avenue NW, Washington, DC",38.9332081,-77.08594269999999
 Saint Vincent and the Grenadines,3216 New Mexico Avenue NW,Wesley Heights,,139,https://upload.wikimedia.org/wikipedia/commons/thumb/6/6d/Flag_of_Saint_Vincent_and_the_Grenadines.svg/23px-Flag_of_Saint_Vincent_and_the_Grenadines.svg.png,https://upload.wikimedia.org/wikipedia/commons/thumb/4/46/Embassy_Antigua_et_al.jpg/150px-Embassy_Antigua_et_al.jpg,15,102,23,150,http://www.embsvg.com,"3216 New Mexico Avenue NW, Washington, DC",38.9332081,-77.08594269999999
 San Marino,1711 N Street NW 2nd Floor,Downtown,,140,https://upload.wikimedia.org/wikipedia/commons/thumb/b/b1/Flag_of_San_Marino.svg/20px-Flag_of_San_Marino.svg.png,https:,15,0,20,0,http://www.esteri.sm/on-line/en/home/diplomatic-and-consular-corps/complete-list-for-printing/scheda1000071.html,"1711 N Street NW 2nd Floor, Washington, DC",38.9073974,-77.039018
 Saudi Arabia,601 New Hampshire Avenue NW,Foggy Bottom,,141,https://upload.wikimedia.org/wikipedia/commons/thumb/0/0d/Flag_of_Saudi_Arabia.svg/23px-Flag_of_Saudi_Arabia.svg.png,https://upload.wikimedia.org/wikipedia/commons/thumb/b/ba/Embassy_of_Saudi_Arabia%2C_Washington%2C_D.C..jpg/150px-Embassy_of_Saudi_Arabia%2C_Washington%2C_D.C..jpg,15,102,23,150,https://www.saudiembassy.net,"601 New Hampshire Avenue NW, Washington, DC",38.8978318,-77.0540628
 Senegal,2215 M St. NW,West End,,142,https://upload.wikimedia.org/wikipedia/commons/thumb/f/fd/Flag_of_Senegal.svg/23px-Flag_of_Senegal.svg.png,https:,15,0,23,0,http://www.ambasenegal-us.org,"2215 M St. NW, Washington, DC",38.9055061,-77.049463
 Serbia,"2233 Wisconsin Avenue NW, Suite 410",Glover Park,,143,https://upload.wikimedia.org/wikipedia/commons/thumb/f/ff/Flag_of_Serbia.svg/23px-Flag_of_Serbia.svg.png,https:,15,0,23,0,http://www.washington.mfa.gov.rs,"2233 Wisconsin Avenue NW, Suite 410, Washington, DC",38.9199523,-77.07074709999999
 Sierra Leone,1701 19th Street NW,Dupont Circle,,144,https://upload.wikimedia.org/wikipedia/commons/thumb/1/17/Flag_of_Sierra_Leone.svg/23px-Flag_of_Sierra_Leone.svg.png,https://upload.wikimedia.org/wikipedia/commons/thumb/8/86/Embassy_of_Sierra_Leone.JPG/150px-Embassy_of_Sierra_Leone.JPG,15,163,23,150,http://embassyofsierraleone.net,"1701 19th Street NW, Washington, DC",38.9128221,-77.0432034
 Singapore,3501 International Place NW,North Cleveland Park,,145,https://upload.wikimedia.org/wikipedia/commons/thumb/4/48/Flag_of_Singapore.svg/23px-Flag_of_Singapore.svg.png,https://upload.wikimedia.org/wikipedia/commons/thumb/7/73/SingaporeanEmbassyWashingtonDC02.jpg/150px-SingaporeanEmbassyWashingtonDC02.jpg,15,94,23,150,http://www.mfa.gov.sg/content/mfa/overseasmission/washington.html,"3501 International Place NW, Washington, DC",38.9427469,-77.06530579999999
 Slovakia,3523 International Court NW,North Cleveland Park,,146,https://upload.wikimedia.org/wikipedia/commons/thumb/e/e6/Flag_of_Slovakia.svg/23px-Flag_of_Slovakia.svg.png,https://upload.wikimedia.org/wikipedia/commons/thumb/f/f9/Slovak_Embassy_Washington_DC.JPG/150px-Slovak_Embassy_Washington_DC.JPG,15,113,23,150,http://www.mzv.sk/App/WCM/ZU/WashingtonZU/main.nsf/vw_ByID/index_EN,"3523 International Court NW, Washington, DC",38.9455465,-77.0680939
 Slovenia,2410 California Street NW,Kalorama,,147,https://upload.wikimedia.org/wikipedia/commons/thumb/f/f0/Flag_of_Slovenia.svg/23px-Flag_of_Slovenia.svg.png,https://upload.wikimedia.org/wikipedia/commons/thumb/f/f0/Embassy_of_Slovenia%2C_Washington.jpg/150px-Embassy_of_Slovenia%2C_Washington.jpg,12,88,23,150,http://washington.embassy.si/index.php?id=51&L=1,"2410 California Street NW, Washington, DC",38.9153378,-77.05343309999999
 Somalia,"1705 DeSales Street NW, Suite 300",Downtown,,148,https://upload.wikimedia.org/wikipedia/commons/thumb/a/a0/Flag_of_Somalia.svg/23px-Flag_of_Somalia.svg.png,https:,15,0,23,0,https://www.state.gov/r/pa/ei/bgn/2863.htm,"1705 DeSales Street NW, Suite 300, Washington, DC",38.9049695,-77.038838
 South Africa,3051 Massachusetts Avenue NW,Embassy Row,,149,https://upload.wikimedia.org/wikipedia/commons/thumb/a/af/Flag_of_South_Africa.svg/23px-Flag_of_South_Africa.svg.png,https://upload.wikimedia.org/wikipedia/commons/thumb/9/9b/Embassy_of_South_Africa%2C_Washington%2C_D.C..jpg/150px-Embassy_of_South_Africa%2C_Washington%2C_D.C..jpg,15,98,23,150,http://www.saembassy.org,"3051 Massachusetts Avenue NW, Washington, DC",38.9199278,-77.06071879999999
 South Korea,2450 Massachusetts Avenue NW,Embassy Row,,150,https://upload.wikimedia.org/wikipedia/commons/thumb/0/09/Flag_of_South_Korea.svg/23px-Flag_of_South_Korea.svg.png,https://upload.wikimedia.org/wikipedia/commons/thumb/9/97/Embassy_of_South_Korea%2C_Washington%2C_D.C..jpg/150px-Embassy_of_South_Korea%2C_Washington%2C_D.C..jpg,15,111,23,150,http://usa.mofa.go.kr/english/am/usa/main/,"2450 Massachusetts Avenue NW, Washington, DC",38.9146768,-77.0546924
 South Sudan,"1233 20th Street NW, Suite 602",Dupont Circle,,151,https://upload.wikimedia.org/wikipedia/commons/thumb/7/7a/Flag_of_South_Sudan.svg/23px-Flag_of_South_Sudan.svg.png,https:,12,0,23,0,https://web.archive.org/web/20130715003837/http://www.southsudanembassydc.org/,"1233 20th Street NW, Suite 602, Washington, DC",38.9066677,-77.04448289999999
 Spain,2375 Pennsylvania Avenue NW,West End,,152,https://upload.wikimedia.org/wikipedia/en/thumb/9/9a/Flag_of_Spain.svg/23px-Flag_of_Spain.svg.png,https://upload.wikimedia.org/wikipedia/commons/thumb/e/ef/Embassy_of_Spain_-_Washington%2C_D.C..JPG/150px-Embassy_of_Spain_-_Washington%2C_D.C..JPG,15,113,23,150,http://www.spainemb.org,"2375 Pennsylvania Avenue NW, Washington, DC",38.9032424,-77.0511394
 Sri Lanka,2148 Wyoming Avenue NW,Kalorama,,153,https://upload.wikimedia.org/wikipedia/commons/thumb/1/11/Flag_of_Sri_Lanka.svg/23px-Flag_of_Sri_Lanka.svg.png,https://upload.wikimedia.org/wikipedia/commons/thumb/8/8b/Embassy_of_Sri_Lanka-Washington_D.C..jpg/150px-Embassy_of_Sri_Lanka-Washington_D.C..jpg,12,108,23,150,http://slembassyusa.org,"2148 Wyoming Avenue NW, Washington, DC",38.9169464,-77.0490031
 Sudan,2210 Massachusetts Avenue NW,Embassy Row,,154,https://upload.wikimedia.org/wikipedia/commons/thumb/0/01/Flag_of_Sudan.svg/23px-Flag_of_Sudan.svg.png,https://upload.wikimedia.org/wikipedia/commons/thumb/6/60/Embassy_of_Sudan%2C_Washington.jpg/150px-Embassy_of_Sudan%2C_Washington.jpg,12,200,23,150,http://www.sudanembassy.org,"2210 Massachusetts Avenue NW, Washington, DC",38.9113909,-77.0494641
 Suriname,4301 Connecticut Avenue NW,Forest Hills,,155,https://upload.wikimedia.org/wikipedia/commons/thumb/6/60/Flag_of_Suriname.svg/23px-Flag_of_Suriname.svg.png,https:,15,0,23,0,http://www.surinameembassy.org,"4301 Connecticut Avenue NW, Washington, DC",38.9450022,-77.06347389999999
 Swaziland,1712 New Hampshire Avenue NW,Dupont Circle,,156,https://upload.wikimedia.org/wikipedia/commons/thumb/1/1e/Flag_of_Swaziland.svg/23px-Flag_of_Swaziland.svg.png,https://upload.wikimedia.org/wikipedia/commons/thumb/0/0b/Embassy_of_Swaziland_in_Washington%2C_D.C.JPG/150px-Embassy_of_Swaziland_in_Washington%2C_D.C.JPG,15,199,23,150,http://www.gov.sz/index.php?option=com_content&id=453&Itemid=270,"1712 New Hampshire Avenue NW, Washington, DC",38.9130817,-77.0406117
 Sweden,2900 K Street NW,Georgetown,,157,https://upload.wikimedia.org/wikipedia/en/thumb/4/4c/Flag_of_Sweden.svg/23px-Flag_of_Sweden.svg.png,https://upload.wikimedia.org/wikipedia/commons/thumb/3/30/Embassy_of_Sweden%2C_Washington.jpg/150px-Embassy_of_Sweden%2C_Washington.jpg,14,96,23,150,http://www.swedenabroad.com/washington,"2900 K Street NW, Washington, DC",38.9019925,-77.05867889999999
 Switzerland,2900 Cathedral Avenue NW,Woodley Park,,158,https://upload.wikimedia.org/wikipedia/commons/thumb/f/f3/Flag_of_Switzerland.svg/16px-Flag_of_Switzerland.svg.png,https://upload.wikimedia.org/wikipedia/commons/thumb/6/6b/Embassy_of_Switzerland%2C_Washington%2C_D.C..jpg/150px-Embassy_of_Switzerland%2C_Washington%2C_D.C..jpg,16,100,16,150,https://www.eda.admin.ch/washington,"2900 Cathedral Avenue NW, Washington, DC",38.9285211,-77.0579305
 Tajikistan,1005 New Hampshire Avenue NW,West End,,159,https://upload.wikimedia.org/wikipedia/commons/thumb/d/d0/Flag_of_Tajikistan.svg/23px-Flag_of_Tajikistan.svg.png,https://upload.wikimedia.org/wikipedia/commons/thumb/7/76/Embassy_of_Tajikistan_%28Washington%2C_D.C.%29.JPG/150px-Embassy_of_Tajikistan_%28Washington%2C_D.C.%29.JPG,12,161,23,150,http://www.tjus.org,"1005 New Hampshire Avenue NW, Washington, DC",38.9030928,-77.04927289999999
 Tanzania,1232 22nd St. NW,West End,,160,https://upload.wikimedia.org/wikipedia/commons/thumb/3/38/Flag_of_Tanzania.svg/23px-Flag_of_Tanzania.svg.png,https://upload.wikimedia.org/wikipedia/commons/thumb/5/5e/Tanzanian_Embassy_Washington.JPG/150px-Tanzanian_Embassy_Washington.JPG,15,251,23,150,http://tanzaniaembassy-us.org,"1232 22nd St. NW, Washington, DC",38.9061128,-77.04910339999999
 Thailand,1024 Wisconsin Ave NW,Georgetown,,161,https://upload.wikimedia.org/wikipedia/commons/thumb/a/a9/Flag_of_Thailand.svg/23px-Flag_of_Thailand.svg.png,https://upload.wikimedia.org/wikipedia/commons/thumb/6/64/Embassy_of_Thailand%2C_Washington.jpg/150px-Embassy_of_Thailand%2C_Washington.jpg,15,113,23,150,http://thaiembdc.org,"1024 Wisconsin Ave NW, Washington, DC",38.9033867,-77.06296549999999
 Togo,2208 Massachusetts Avenue NW,Embassy Row,,162,https://upload.wikimedia.org/wikipedia/commons/thumb/6/68/Flag_of_Togo.svg/23px-Flag_of_Togo.svg.png,https://upload.wikimedia.org/wikipedia/commons/thumb/5/50/Embassy_of_Togo%2C_Washington.jpg/150px-Embassy_of_Togo%2C_Washington.jpg,14,200,23,150,http://www.togoleseembassy.com,"2208 Massachusetts Avenue NW, Washington, DC",38.911345,-77.049419
 Trinidad and Tobago,1708 Massachusetts Avenue NW,Embassy Row,,163,https://upload.wikimedia.org/wikipedia/commons/thumb/6/64/Flag_of_Trinidad_and_Tobago.svg/23px-Flag_of_Trinidad_and_Tobago.svg.png,https://upload.wikimedia.org/wikipedia/commons/thumb/0/02/Embassy_of_Trinidad_and_Tabago.JPG/150px-Embassy_of_Trinidad_and_Tabago.JPG,14,200,23,150,http://www.ttembassy.org,"1708 Massachusetts Avenue NW, Washington, DC",38.9077586,-77.039018
 Tunisia,1515 Massachusetts Avenue NW,Embassy Row,,164,https://upload.wikimedia.org/wikipedia/commons/thumb/c/ce/Flag_of_Tunisia.svg/23px-Flag_of_Tunisia.svg.png,https://upload.wikimedia.org/wikipedia/commons/thumb/3/31/Embassy_of_Tunisia.JPG/150px-Embassy_of_Tunisia.JPG,15,86,23,150,http://www.tunconsusa.org,"1515 Massachusetts Avenue NW, Washington, DC",38.9069946,-77.03490219999999
 Turkey,2525 Massachusetts Avenue NW,Embassy Row,,165,https://upload.wikimedia.org/wikipedia/commons/thumb/b/b4/Flag_of_Turkey.svg/23px-Flag_of_Turkey.svg.png,https://upload.wikimedia.org/wikipedia/commons/thumb/a/ae/Turkish_Embassy_Washington_DC.jpg/150px-Turkish_Embassy_Washington_DC.jpg,15,101,23,150,http://vasington.be.mfa.gov.tr,"2525 Massachusetts Avenue NW, Washington, DC",38.9164299,-77.05601260000002
 Turkmenistan,2207 Massachusetts Avenue NW,Embassy Row,,166,https://upload.wikimedia.org/wikipedia/commons/thumb/1/1b/Flag_of_Turkmenistan.svg/23px-Flag_of_Turkmenistan.svg.png,https://upload.wikimedia.org/wikipedia/commons/thumb/4/46/Embassy_of_Turkmenistan%2C_Washington%2C_D.C..jpg/150px-Embassy_of_Turkmenistan%2C_Washington%2C_D.C..jpg,15,187,23,150,http://www.mfa.gov.tm/en/mfa-en/diplomacy/turkmenistan-abroad,"2207 Massachusetts Avenue NW, Washington, DC",38.9120109,-77.0492522
 Uganda,5911 16th Street NW,"Sixteenth Street Heights
",,167,https://upload.wikimedia.org/wikipedia/commons/thumb/4/4e/Flag_of_Uganda.svg/23px-Flag_of_Uganda.svg.png,https://upload.wikimedia.org/wikipedia/commons/thumb/a/a0/5911-16th-st-uganda-embassy-dc.jpg/150px-5911-16th-st-uganda-embassy-dc.jpg,15,200,23,150,http://washington.mofa.go.ug,"5911 16th Street NW, Washington, DC",38.9610824,-77.0359593
 Ukraine,3350 M Street NW,Georgetown,,168,https://upload.wikimedia.org/wikipedia/commons/thumb/4/49/Flag_of_Ukraine.svg/23px-Flag_of_Ukraine.svg.png,https://upload.wikimedia.org/wikipedia/commons/thumb/0/02/Embassy_of_Ukraine%2C_Washington%2C_D.C._002.jpg/150px-Embassy_of_Ukraine%2C_Washington%2C_D.C._002.jpg,15,173,23,150,http://usa.mfa.gov.ua/en,"3350 M Street NW, Washington, DC",38.9048625,-77.0675318
 United Arab Emirates,3522 International Court NW,North Cleveland Park,,169,https://upload.wikimedia.org/wikipedia/commons/thumb/c/cb/Flag_of_the_United_Arab_Emirates.svg/23px-Flag_of_the_United_Arab_Emirates.svg.png,https://upload.wikimedia.org/wikipedia/commons/thumb/b/b0/UAEEmbassyWashingtonDC01.jpg/150px-UAEEmbassyWashingtonDC01.jpg,12,93,23,150,http://www.uae-embassy.org,"3522 International Court NW, Washington, DC",38.9449559,-77.0692631
 United Kingdom,3100 Massachusetts Avenue NW,Embassy Row,,170,https://upload.wikimedia.org/wikipedia/en/thumb/a/ae/Flag_of_the_United_Kingdom.svg/23px-Flag_of_the_United_Kingdom.svg.png,https://upload.wikimedia.org/wikipedia/commons/thumb/e/e9/Embassy_of_the_United_Kingdom_in_Washington%2C_D.C..jpg/150px-Embassy_of_the_United_Kingdom_in_Washington%2C_D.C..jpg,12,97,23,150,https://www.gov.uk/government/world/organisations/british-embassy-washington,"3100 Massachusetts Avenue NW, Washington, DC",38.9202563,-77.06292490000001
 Uruguay,1913 I Street NW,Foggy Bottom,,171,https://upload.wikimedia.org/wikipedia/commons/thumb/f/fe/Flag_of_Uruguay.svg/23px-Flag_of_Uruguay.svg.png,https://upload.wikimedia.org/wikipedia/commons/thumb/0/0b/Embassy_of_Uruguay.jpg/150px-Embassy_of_Uruguay.jpg,15,200,23,150,"http://www.mrree.gub.uy/frontend/page?1,embajada-eeuu,pagina-principal-embajada-eeuu,O,es,0,","1913 I Street NW, Washington, DC",38.9015935,-77.0441455
 Uzbekistan,1746 Massachusetts Avenue NW,Embassy Row,,172,https://upload.wikimedia.org/wikipedia/commons/thumb/8/84/Flag_of_Uzbekistan.svg/23px-Flag_of_Uzbekistan.svg.png,https://upload.wikimedia.org/wikipedia/commons/thumb/a/aa/Clarence_Moore_House.JPG/150px-Clarence_Moore_House.JPG,12,214,23,150,http://www.uzbekistan.org,"1746 Massachusetts Avenue NW, Washington, DC",38.9082742,-77.0405698
 Venezuela,1099 30th Street NW,Georgetown,,173,https://upload.wikimedia.org/wikipedia/commons/thumb/0/06/Flag_of_Venezuela.svg/23px-Flag_of_Venezuela.svg.png,https://upload.wikimedia.org/wikipedia/commons/thumb/a/a7/VenezuelaDCEmbassy.JPG/150px-VenezuelaDCEmbassy.JPG,15,113,23,150,http://eeuu.embajada.gob.ve,"1099 30th Street NW, Washington, DC",38.903818,-77.0589066
 Vietnam,1233 20th Street NW,Dupont Circle,,174,https://upload.wikimedia.org/wikipedia/commons/thumb/2/21/Flag_of_Vietnam.svg/23px-Flag_of_Vietnam.svg.png,https://upload.wikimedia.org/wikipedia/commons/thumb/9/9e/Embassy_of_Vietnam_United_States.JPG/150px-Embassy_of_Vietnam_United_States.JPG,15,182,23,150,http://vietnamembassy-usa.org,"1233 20th Street NW, Washington, DC",38.9066677,-77.04448289999999
 Yemen,2319 Wyoming Avenue NW,Kalorama,,175,https://upload.wikimedia.org/wikipedia/commons/thumb/8/89/Flag_of_Yemen.svg/23px-Flag_of_Yemen.svg.png,https://upload.wikimedia.org/wikipedia/commons/thumb/f/f2/Embassy_of_Yemen_%28Washington%2C_D.C.%29.JPG/150px-Embassy_of_Yemen_%28Washington%2C_D.C.%29.JPG,15,99,23,150,http://www.yemenembassy.org,"2319 Wyoming Avenue NW, Washington, DC",38.9172619,-77.0512743
 Zambia,2419 Massachusetts Avenue NW,Embassy Row,,176,https://upload.wikimedia.org/wikipedia/commons/thumb/0/06/Flag_of_Zambia.svg/23px-Flag_of_Zambia.svg.png,https://upload.wikimedia.org/wikipedia/commons/thumb/4/46/Embassy_of_Zambia%2C_Washington%2C_D.C..jpg/150px-Embassy_of_Zambia%2C_Washington%2C_D.C..jpg,15,124,23,150,http://www.zambiaembassy.org,"2419 Massachusetts Avenue NW, Washington, DC",38.9146958,-77.05343309999999
 Zimbabwe,1608 New Hampshire Avenue NW,Dupont Circle,,177,https://upload.wikimedia.org/wikipedia/commons/thumb/6/6a/Flag_of_Zimbabwe.svg/23px-Flag_of_Zimbabwe.svg.png,https://upload.wikimedia.org/wikipedia/commons/thumb/a/a4/Embassy_of_Zimbabwe_-_Washington%2C_D.C..JPG/150px-Embassy_of_Zimbabwe_-_Washington%2C_D.C..JPG,12,169,23,150,http://www.zimfa.gov.zw/index.php?option=com_content&view=article&id=129&Itemid=492,"1608 New Hampshire Avenue NW, Washington, DC",38.9115936,-77.0420765
